Customer ID,Status,Points,Number of Flights (prev year),"Flight Value (EUR, prev year)",Country,Age,Enrollment Date,Point Redemption (prev year),"Ancillary Revenue (EUR, prev year)"
1001,Frequent Traveller,663,1,36671,Spain,79,2000-01-01,571,1629
1002,HON Circle Member,8789,48,33128,USA,78,2000-01-09,4266,1789
1003,Senator,1946,49,23865,UK,37,2000-01-18,1740,2813
1004,Frequent Traveller,558,42,22022,Spain,74,2000-01-27,538,4060
1005,Base,3,38,17222,Switzerland,22,2000-02-05,3,3210
1006,Base,127,40,33148,Spain,53,2000-02-13,92,3309
1007,Frequent Traveller,671,40,115,UK,45,2000-02-22,87,839
1008,Base,168,49,11340,Canada,67,2000-03-02,105,2694
1009,Frequent Traveller,800,15,21046,Canada,61,2000-03-11,718,2580
1010,Base,247,44,37270,France,61,2000-03-19,207,1007
1011,Base,381,6,19243,USA,39,2000-03-28,100,1505
1012,Base,365,24,10689,Netherlands,24,2000-04-06,85,4619
1013,Base,21,39,4756,Italy,55,2000-04-15,7,4790
1014,Frequent Traveller,775,3,27012,Canada,46,2000-04-24,281,3002
1015,Base,204,23,3710,Switzerland,48,2000-05-02,33,4986
1016,Frequent Traveller,730,28,38569,Switzerland,54,2000-05-11,442,3430
1017,Senator,4597,15,11990,USA,50,2000-05-20,9,4108
1018,Base,235,5,35507,Germany,63,2000-05-29,79,1549
1019,Frequent Traveller,906,2,32779,Switzerland,36,2000-06-06,772,2288
1020,Base,374,22,4505,USA,20,2000-06-15,39,1665
1021,Base,166,40,35165,UK,19,2000-06-24,63,1496
1022,Base,405,45,1675,Spain,23,2000-07-03,364,3154
1023,Base,96,41,27222,USA,30,2000-07-12,46,4723
1024,Frequent Traveller,877,28,767,France,65,2000-07-20,432,585
1025,Senator,4667,18,27517,Netherlands,25,2000-07-29,3206,2833
1026,Base,434,7,29895,Canada,19,2000-08-07,387,3057
1027,Base,261,29,24489,Spain,40,2000-08-16,61,3821
1028,Base,424,5,22329,Canada,43,2000-08-24,101,2475
1029,Base,322,49,27561,Germany,20,2000-09-02,36,2999
1030,Base,17,31,38518,Germany,70,2000-09-11,1,4550
1031,Senator,1787,17,17815,Germany,31,2000-09-20,610,2645
1032,Base,460,26,1794,Germany,29,2000-09-28,118,3910
1033,Frequent Traveller,537,4,1452,Germany,78,2000-10-07,295,4369
1034,Senator,1527,19,6379,Netherlands,46,2000-10-16,1140,4332
1035,Frequent Traveller,806,5,9213,Germany,26,2000-10-25,287,4424
1036,Frequent Traveller,899,17,35308,UK,19,2000-11-03,128,338
1037,Senator,2398,3,12072,Spain,20,2000-11-11,1158,238
1038,Base,14,14,14354,UK,28,2000-11-20,7,3018
1039,Senator,1044,30,28167,Italy,79,2000-11-29,150,4078
1040,Base,264,9,8671,USA,19,2000-12-08,155,4641
1041,Base,389,17,6607,Canada,29,2000-12-16,184,1740
1042,Base,472,23,18523,Switzerland,46,2000-12-25,391,3673
1043,Base,261,37,34346,Switzerland,51,2001-01-03,130,4568
1044,Senator,1859,10,31970,Germany,61,2001-01-12,1572,1976
1045,Base,477,13,32834,Netherlands,36,2001-01-21,292,61
1046,Base,188,15,15406,Spain,27,2001-01-29,130,1216
1047,Base,182,7,22315,USA,49,2001-02-07,147,81
1048,Frequent Traveller,743,40,31752,Italy,71,2001-02-16,539,549
1049,Frequent Traveller,742,32,9258,Germany,24,2001-02-25,488,379
1050,Senator,2318,5,11424,Switzerland,39,2001-03-05,1196,3524
1051,Frequent Traveller,681,34,10163,Switzerland,30,2001-03-14,425,3978
1052,Senator,3313,49,23879,Germany,57,2001-03-23,439,329
1053,Senator,2844,16,22691,UK,26,2001-04-01,1820,4964
1054,Base,146,6,20849,Germany,62,2001-04-10,106,3043
1055,Senator,4325,11,24073,Switzerland,34,2001-04-18,3697,2582
1056,Base,355,19,37445,Germany,73,2001-04-27,345,2737
1057,Frequent Traveller,746,10,35902,France,77,2001-05-06,494,2790
1058,Frequent Traveller,959,24,23404,France,43,2001-05-15,10,3677
1059,Base,193,46,6355,Netherlands,41,2001-05-23,71,2864
1060,Base,93,10,38186,Switzerland,55,2001-06-01,7,997
1061,Senator,1733,13,10811,Spain,18,2001-06-10,1494,402
1062,Base,94,48,2164,Netherlands,71,2001-06-19,78,2579
1063,Base,462,20,21127,Canada,20,2001-06-27,413,4338
1064,Base,92,9,29582,Switzerland,33,2001-07-06,90,1231
1065,Base,235,43,3659,USA,77,2001-07-15,45,4611
1066,Frequent Traveller,973,6,9225,Italy,39,2001-07-24,348,416
1067,Base,458,23,1158,USA,27,2001-08-02,307,2521
1068,HON Circle Member,17900,36,4467,USA,31,2001-08-10,17809,649
1069,Frequent Traveller,731,21,31714,UK,70,2001-08-19,564,1126
1070,Senator,3999,32,10940,Canada,75,2001-08-28,1517,1833
1071,Frequent Traveller,774,6,19234,Spain,22,2001-09-06,394,3843
1072,Base,339,16,34939,Spain,48,2001-09-14,117,3589
1073,Base,77,48,35241,Germany,55,2001-09-23,68,3427
1074,Base,276,37,28300,Spain,47,2001-10-02,269,271
1075,Senator,4383,47,2530,Switzerland,66,2001-10-11,1411,538
1076,HON Circle Member,18335,21,9448,UK,46,2001-10-20,5240,2736
1077,Senator,1083,25,12877,France,43,2001-10-28,839,2145
1078,Frequent Traveller,862,9,13537,Netherlands,67,2001-11-06,287,1924
1079,Frequent Traveller,870,3,18876,Switzerland,63,2001-11-15,712,3555
1080,Frequent Traveller,892,44,31501,Italy,77,2001-11-24,271,2169
1081,Frequent Traveller,877,27,28572,Germany,52,2001-12-02,405,3342
1082,Base,330,30,2004,France,71,2001-12-11,214,219
1083,Frequent Traveller,995,17,27077,Italy,57,2001-12-20,352,725
1084,HON Circle Member,8511,21,24250,Canada,56,2001-12-29,2828,2814
1085,Frequent Traveller,775,45,9200,Switzerland,78,2002-01-06,631,2635
1086,Senator,2161,17,39253,Italy,55,2002-01-15,45,135
1087,Senator,1845,10,20867,France,75,2002-01-24,1219,467
1088,Senator,3261,9,292,Spain,32,2002-02-02,666,2021
1089,Base,383,45,3974,USA,39,2002-02-11,49,1993
1090,Base,77,49,5089,France,39,2002-02-19,5,1616
1091,Senator,3416,43,36887,Spain,56,2002-02-28,2252,3690
1092,Base,19,13,398,USA,20,2002-03-09,18,302
1093,Frequent Traveller,941,16,11681,France,55,2002-03-18,344,2529
1094,Senator,2196,11,6743,Germany,30,2002-03-26,9,1506
1095,Base,126,20,22274,Germany,70,2002-04-04,14,1260
1096,Base,460,32,22440,Switzerland,69,2002-04-13,256,1944
1097,Base,370,18,35754,Canada,49,2002-04-22,108,1484
1098,Frequent Traveller,611,49,38905,Spain,65,2002-05-01,28,102
1099,Frequent Traveller,500,15,5998,Canada,18,2002-05-09,29,1655
1100,Frequent Traveller,613,14,9668,USA,69,2002-05-18,586,4129
1101,Base,375,16,16972,UK,36,2002-05-27,255,116
1102,Senator,4850,9,20949,France,60,2002-06-05,4813,4155
1103,Base,454,13,39126,Italy,56,2002-06-13,333,3146
1104,Senator,1029,49,9363,Switzerland,42,2002-06-22,90,1544
1105,Senator,1013,36,18855,Italy,42,2002-07-01,650,4126
1106,Base,187,32,37115,Netherlands,66,2002-07-10,146,2912
1107,HON Circle Member,6354,13,13860,UK,56,2002-07-19,1854,2720
1108,Frequent Traveller,673,34,26113,USA,49,2002-07-27,38,468
1109,Frequent Traveller,832,35,29318,France,59,2002-08-05,534,146
1110,Base,383,39,27740,Netherlands,45,2002-08-14,285,2874
1111,Base,305,33,6124,USA,28,2002-08-23,296,1408
1112,Base,199,16,3589,Netherlands,77,2002-08-31,85,3194
1113,Frequent Traveller,740,22,36673,France,23,2002-09-09,364,3702
1114,Senator,1908,18,37304,France,35,2002-09-18,813,2602
1115,Base,459,26,29386,Netherlands,77,2002-09-27,362,2055
1116,Base,346,11,34558,Netherlands,25,2002-10-05,241,1834
1117,Senator,4516,13,36964,USA,44,2002-10-14,2152,739
1118,HON Circle Member,14472,5,37603,Canada,38,2002-10-23,1353,1602
1119,Frequent Traveller,638,38,38842,UK,20,2002-11-01,459,673
1120,Frequent Traveller,798,10,7833,Netherlands,66,2002-11-10,204,2701
1121,Frequent Traveller,644,3,11192,Germany,72,2002-11-18,296,3264
1122,Senator,4540,6,8156,Netherlands,38,2002-11-27,905,2700
1123,Base,323,41,24645,Switzerland,66,2002-12-06,249,3080
1124,Frequent Traveller,616,44,16813,Germany,34,2002-12-15,476,3454
1125,Base,35,16,23642,Italy,34,2002-12-23,7,2650
1126,Frequent Traveller,859,42,7009,Canada,29,2003-01-01,215,4842
1127,Senator,2357,13,12834,Spain,79,2003-01-10,126,4376
1128,Base,467,43,18982,UK,60,2003-01-19,406,4847
1129,Senator,2544,5,18066,France,56,2003-01-28,1375,4617
1130,Base,395,2,32092,Spain,54,2003-02-05,164,153
1131,Frequent Traveller,945,35,27216,Italy,78,2003-02-14,913,4375
1132,Senator,2327,46,25770,UK,60,2003-02-23,43,499
1133,Base,279,46,31588,France,25,2003-03-04,219,1726
1134,Base,403,20,12414,Canada,51,2003-03-12,286,2515
1135,Frequent Traveller,838,22,14243,Germany,46,2003-03-21,271,1380
1136,Base,218,13,15557,Switzerland,22,2003-03-30,145,1639
1137,Base,444,48,17881,France,31,2003-04-08,370,2930
1138,Base,46,12,20997,Canada,50,2003-04-17,2,2456
1139,Base,223,30,30420,Netherlands,61,2003-04-25,80,3610
1140,Frequent Traveller,937,9,37055,Spain,28,2003-05-04,703,4078
1141,Base,256,11,31982,Italy,26,2003-05-13,141,781
1142,Base,19,42,30265,USA,75,2003-05-22,17,4957
1143,HON Circle Member,16726,31,8102,Spain,40,2003-05-30,1607,923
1144,Frequent Traveller,802,21,21682,France,39,2003-06-08,272,1516
1145,Base,347,14,34341,USA,34,2003-06-17,224,1767
1146,Base,289,24,18334,Spain,44,2003-06-26,202,1955
1147,Senator,3144,40,31795,Spain,33,2003-07-04,1257,421
1148,Frequent Traveller,911,24,3415,Italy,75,2003-07-13,229,966
1149,Frequent Traveller,807,2,12096,Italy,41,2003-07-22,449,754
1150,Base,492,29,35207,UK,29,2003-07-31,365,3877
1151,Base,357,5,38620,Switzerland,54,2003-08-09,306,389
1152,Senator,1975,45,35642,Canada,65,2003-08-17,1060,1686
1153,Frequent Traveller,768,35,11442,USA,78,2003-08-26,600,2862
1154,Senator,2997,44,28719,Switzerland,29,2003-09-04,227,2094
1155,Base,39,6,16061,Switzerland,41,2003-09-13,34,1693
1156,Frequent Traveller,997,43,28554,UK,79,2003-09-21,842,1879
1157,Base,377,8,29302,Italy,30,2003-09-30,17,4584
1158,Frequent Traveller,690,9,39309,Italy,66,2003-10-09,521,1729
1159,Frequent Traveller,708,21,38527,USA,31,2003-10-18,334,2419
1160,Base,323,29,28136,Canada,31,2003-10-27,145,2532
1161,Frequent Traveller,970,2,35331,Canada,21,2003-11-04,519,2045
1162,Senator,3283,31,16823,Switzerland,24,2003-11-13,3031,1560
1163,Frequent Traveller,955,43,25542,Spain,18,2003-11-22,184,105
1164,Frequent Traveller,728,12,24967,France,67,2003-12-01,617,4320
1165,Base,204,46,30814,Canada,71,2003-12-09,165,1171
1166,Base,216,23,16898,Canada,29,2003-12-18,81,2918
1167,Base,415,9,7247,Switzerland,59,2003-12-27,209,2254
1168,Frequent Traveller,631,22,5768,Italy,45,2004-01-05,52,537
1169,Frequent Traveller,965,15,8166,Netherlands,35,2004-01-13,636,33
1170,Frequent Traveller,933,46,32377,Germany,62,2004-01-22,99,1398
1171,Base,467,45,20237,Germany,30,2004-01-31,312,1306
1172,Frequent Traveller,683,19,13136,Spain,70,2004-02-09,563,4801
1173,HON Circle Member,14137,48,26146,USA,35,2004-02-18,12162,3618
1174,Base,199,33,39677,UK,64,2004-02-26,145,1828
1175,Senator,3546,43,7151,France,51,2004-03-06,1175,1450
1176,Base,153,32,4361,UK,69,2004-03-15,31,3590
1177,Frequent Traveller,708,8,17692,Switzerland,38,2004-03-24,168,749
1178,Base,214,23,8315,Spain,30,2004-04-01,1,1636
1179,Frequent Traveller,785,40,28812,USA,68,2004-04-10,175,55
1180,Base,376,35,37550,France,44,2004-04-19,44,3829
1181,Base,60,41,2019,Switzerland,18,2004-04-28,5,156
1182,Frequent Traveller,880,36,24645,USA,49,2004-05-07,775,3851
1183,Senator,3224,22,5886,USA,45,2004-05-15,3115,832
1184,Frequent Traveller,851,9,24139,Italy,70,2004-05-24,124,1628
1185,Base,397,48,22257,France,79,2004-06-02,308,4416
1186,Senator,4351,3,28233,Germany,54,2004-06-11,1922,4211
1187,Base,168,19,867,Germany,49,2004-06-19,144,4146
1188,Base,431,48,28793,Switzerland,44,2004-06-28,205,529
1189,Base,171,12,32819,France,50,2004-07-07,125,3707
1190,Frequent Traveller,554,48,8919,USA,25,2004-07-16,508,1747
1191,Base,445,37,20469,France,33,2004-07-25,216,4744
1192,Frequent Traveller,899,43,33341,Spain,34,2004-08-02,621,1922
1193,Senator,1725,28,15461,Italy,20,2004-08-11,1083,3312
1194,Base,437,29,21226,Italy,63,2004-08-20,108,3605
1195,Base,429,43,19094,France,72,2004-08-29,97,1073
1196,Senator,3115,22,37466,Spain,56,2004-09-06,2665,1907
1197,Base,65,23,6616,UK,19,2004-09-15,16,1071
1198,Frequent Traveller,626,34,14442,Germany,65,2004-09-24,209,142
1199,Base,497,31,3497,Switzerland,46,2004-10-03,360,2645
1200,Frequent Traveller,947,12,37425,USA,35,2004-10-11,57,3280
1201,Senator,3367,47,23180,Switzerland,20,2004-10-20,1905,2265
1202,Base,128,31,27197,Spain,50,2004-10-29,32,4079
1203,Base,37,14,7185,Germany,52,2004-11-07,9,3115
1204,Base,435,24,2706,France,23,2004-11-16,158,2489
1205,Base,376,1,23923,Canada,77,2004-11-24,170,3046
1206,Senator,2524,1,732,Canada,57,2004-12-03,395,4799
1207,Base,355,26,34447,Switzerland,59,2004-12-12,315,1488
1208,Base,303,25,19417,Netherlands,43,2004-12-21,261,1664
1209,Base,409,46,15724,France,77,2004-12-29,387,4195
1210,Base,44,25,21367,Italy,36,2005-01-07,7,2333
1211,Frequent Traveller,788,24,12902,Switzerland,18,2005-01-16,176,3767
1212,Base,361,32,15400,Canada,66,2005-01-25,31,1904
1213,Base,161,11,24758,Netherlands,50,2005-02-03,128,2221
1214,Base,415,24,25453,Switzerland,73,2005-02-11,206,1312
1215,Senator,4440,26,7570,USA,24,2005-02-20,4306,972
1216,Frequent Traveller,780,27,38270,Italy,38,2005-03-01,243,2361
1217,Base,66,1,19804,France,54,2005-03-10,33,2815
1218,Base,100,32,15922,Canada,62,2005-03-18,82,1238
1219,Frequent Traveller,688,48,20528,Italy,21,2005-03-27,24,98
1220,Base,279,20,25057,UK,35,2005-04-05,190,633
1221,Senator,2984,1,14934,Germany,71,2005-04-14,2926,2156
1222,Frequent Traveller,809,7,5075,Netherlands,18,2005-04-23,222,3689
1223,Senator,4159,9,28448,Spain,35,2005-05-01,2915,1361
1224,Base,123,38,22525,UK,62,2005-05-10,16,1738
1225,Base,208,42,29764,Italy,75,2005-05-19,100,4462
1226,Senator,2530,45,6589,Canada,47,2005-05-28,1667,2385
1227,Frequent Traveller,607,19,25807,USA,39,2005-06-05,373,647
1228,Base,499,5,33921,Netherlands,49,2005-06-14,465,4900
1229,Base,441,34,209,France,52,2005-06-23,88,1440
1230,Senator,4652,35,5692,Spain,47,2005-07-02,3913,4920
1231,Base,307,9,7165,USA,27,2005-07-10,201,3340
1232,Senator,4421,32,23130,UK,51,2005-07-19,2561,3435
1233,Senator,1815,42,35084,Switzerland,76,2005-07-28,1560,3279
1234,Senator,3073,46,4995,Canada,41,2005-08-06,1118,441
1235,Base,125,4,33400,France,49,2005-08-15,31,3295
1236,HON Circle Member,7443,17,7112,UK,74,2005-08-23,11,2159
1237,Base,168,12,19995,Canada,63,2005-09-01,122,4210
1238,Frequent Traveller,797,45,17255,Spain,44,2005-09-10,272,4932
1239,Senator,2830,2,1370,Spain,43,2005-09-19,1526,4454
1240,Base,284,13,17815,Spain,42,2005-09-27,257,4393
1241,Senator,1417,32,25950,Netherlands,38,2005-10-06,1022,3734
1242,Base,123,47,15954,Netherlands,56,2005-10-15,115,713
1243,Frequent Traveller,707,15,31699,Netherlands,54,2005-10-24,508,1695
1244,Base,147,13,18976,Italy,59,2005-11-02,75,932
1245,Base,101,34,9126,Spain,54,2005-11-10,6,1433
1246,Senator,3405,26,17901,Italy,78,2005-11-19,2690,957
1247,Base,226,17,19338,USA,79,2005-11-28,180,852
1248,Base,452,1,22400,Spain,65,2005-12-07,40,4326
1249,Frequent Traveller,651,33,34366,Germany,34,2005-12-15,144,3628
1250,Frequent Traveller,716,12,10123,UK,71,2005-12-24,407,480
1251,Base,204,4,3123,Netherlands,55,2006-01-02,70,233
1252,Base,394,4,13627,Canada,52,2006-01-11,2,3844
1253,Frequent Traveller,747,16,39978,Germany,34,2006-01-19,438,492
1254,Base,376,16,6185,UK,34,2006-01-28,31,2912
1255,Frequent Traveller,929,41,38143,France,73,2006-02-06,388,3106
1256,Frequent Traveller,515,3,37826,France,39,2006-02-15,185,1284
1257,Base,318,21,24014,USA,78,2006-02-24,299,4424
1258,Frequent Traveller,705,29,22932,UK,77,2006-03-04,439,2946
1259,Base,197,26,16226,Italy,19,2006-03-13,116,1721
1260,Base,136,47,18977,Switzerland,60,2006-03-22,49,1087
1261,Frequent Traveller,828,6,19861,Netherlands,33,2006-03-31,188,1516
1262,Base,313,23,21104,Germany,48,2006-04-08,55,1066
1263,Base,408,44,1023,Netherlands,76,2006-04-17,164,2464
1264,Base,323,4,27278,Canada,65,2006-04-26,217,2892
1265,Frequent Traveller,900,44,38277,Canada,61,2006-05-05,303,4730
1266,Base,41,35,35156,UK,20,2006-05-14,5,2381
1267,Frequent Traveller,915,37,36965,Italy,69,2006-05-22,161,702
1268,Base,88,41,39188,Germany,31,2006-05-31,67,1509
1269,Base,342,22,6375,USA,45,2006-06-09,144,564
1270,Base,184,27,35650,Spain,41,2006-06-18,37,4992
1271,Senator,3859,32,17125,France,26,2006-06-26,1444,1369
1272,Base,9,10,1182,USA,74,2006-07-05,1,3402
1273,Senator,4433,3,14057,Italy,38,2006-07-14,1906,210
1274,Frequent Traveller,790,28,3778,Switzerland,54,2006-07-23,471,246
1275,Base,68,47,29014,France,37,2006-08-01,53,4579
1276,Senator,1378,37,5322,USA,68,2006-08-09,1106,3061
1277,Base,484,31,34676,Netherlands,45,2006-08-18,345,1928
1278,Base,50,5,31524,Canada,37,2006-08-27,2,3529
1279,Base,3,27,35359,Spain,40,2006-09-05,2,462
1280,Base,11,8,37972,Switzerland,40,2006-09-13,3,4616
1281,Frequent Traveller,782,48,39167,Netherlands,54,2006-09-22,250,673
1282,Base,494,35,1105,Germany,68,2006-10-01,288,3599
1283,Senator,3390,6,9075,USA,55,2006-10-10,3028,2900
1284,Frequent Traveller,634,46,37321,Italy,56,2006-10-18,568,2076
1285,Frequent Traveller,690,44,34227,Spain,48,2006-10-27,141,4325
1286,Frequent Traveller,933,37,2924,Canada,30,2006-11-05,49,3462
1287,Base,88,12,26050,Netherlands,42,2006-11-14,28,4112
1288,Base,40,34,28258,Switzerland,67,2006-11-23,10,2577
1289,Frequent Traveller,742,5,25214,UK,71,2006-12-01,385,2888
1290,Senator,4727,31,39344,Spain,27,2006-12-10,4006,390
1291,Base,396,49,6873,Netherlands,51,2006-12-19,160,2604
1292,Base,1,18,19958,UK,65,2006-12-28,1,3952
1293,Frequent Traveller,995,24,34877,Spain,27,2007-01-05,231,1767
1294,Base,183,28,31646,Switzerland,72,2007-01-14,99,1001
1295,Base,85,43,1942,USA,27,2007-01-23,65,700
1296,Base,124,7,12242,Switzerland,64,2007-02-01,119,3799
1297,Base,270,35,15673,Netherlands,75,2007-02-10,18,4593
1298,Senator,4369,35,39130,Canada,58,2007-02-18,3143,1190
1299,HON Circle Member,14572,41,13538,USA,39,2007-02-27,503,2466
1300,Base,329,7,2056,Germany,37,2007-03-08,279,3655
1301,Frequent Traveller,984,23,9840,Spain,47,2007-03-17,670,1504
1302,Frequent Traveller,514,12,37876,Netherlands,77,2007-03-25,110,84
1303,Base,113,13,19069,Canada,74,2007-04-03,79,790
1304,Frequent Traveller,584,32,5265,Spain,38,2007-04-12,571,1925
1305,Base,33,20,31796,USA,37,2007-04-21,20,4886
1306,Base,314,3,5125,France,38,2007-04-30,23,1779
1307,Base,424,38,26769,Spain,21,2007-05-08,64,1432
1308,Senator,4753,42,34369,France,77,2007-05-17,3082,4680
1309,Base,363,2,27434,Italy,68,2007-05-26,322,4408
1310,Frequent Traveller,576,15,18802,Italy,28,2007-06-04,559,564
1311,Frequent Traveller,611,8,39412,Spain,26,2007-06-12,418,1018
1312,Base,115,29,25002,Germany,60,2007-06-21,40,2157
1313,Base,44,27,33193,USA,31,2007-06-30,2,3142
1314,Senator,1255,4,127,Netherlands,20,2007-07-09,549,4840
1315,Base,275,37,24025,Switzerland,77,2007-07-17,47,491
1316,Senator,2566,7,13627,UK,59,2007-07-26,1977,352
1317,Base,27,6,31784,Switzerland,57,2007-08-04,27,3346
1318,Senator,4958,32,12740,UK,51,2007-08-13,1580,2959
1319,Base,414,45,11056,Italy,45,2007-08-22,231,584
1320,Base,26,23,16626,Italy,20,2007-08-30,8,2712
1321,Senator,3881,21,30163,Switzerland,79,2007-09-08,344,653
1322,Base,411,48,2223,Netherlands,37,2007-09-17,253,199
1323,Base,493,5,34924,Italy,53,2007-09-26,280,3605
1324,Base,268,29,21537,Germany,42,2007-10-04,221,3824
1325,Base,45,7,23042,Netherlands,48,2007-10-13,31,742
1326,Base,40,25,37303,France,23,2007-10-22,24,4790
1327,Frequent Traveller,640,33,34798,France,28,2007-10-31,130,3703
1328,Base,216,20,13536,Germany,68,2007-11-09,131,4998
1329,Base,247,13,32480,Italy,79,2007-11-17,28,4484
1330,Frequent Traveller,765,47,32653,France,75,2007-11-26,755,2939
1331,Frequent Traveller,910,13,38532,Canada,69,2007-12-05,542,2992
1332,Frequent Traveller,873,43,4096,Netherlands,78,2007-12-14,137,3913
1333,Base,185,32,3420,Canada,73,2007-12-22,183,3849
1334,Frequent Traveller,793,47,22350,Switzerland,54,2007-12-31,246,1246
1335,Senator,4299,14,6120,Netherlands,51,2008-01-09,2372,1661
1336,Base,342,7,32221,Netherlands,77,2008-01-18,131,4782
1337,Frequent Traveller,853,36,18942,Italy,77,2008-01-26,687,2080
1338,Base,85,44,39642,Canada,48,2008-02-04,53,4458
1339,Base,246,37,38238,Switzerland,70,2008-02-13,79,3341
1340,Base,486,33,11674,Switzerland,51,2008-02-22,306,4246
1341,Base,348,33,13743,Germany,73,2008-03-02,134,753
1342,Frequent Traveller,940,44,24738,Netherlands,58,2008-03-10,268,898
1343,Senator,1376,21,2215,Switzerland,71,2008-03-19,414,3608
1344,Base,239,22,29290,USA,18,2008-03-28,228,2891
1345,Senator,2079,23,5028,USA,33,2008-04-06,1225,4233
1346,Frequent Traveller,591,47,29576,Netherlands,57,2008-04-14,273,4776
1347,Base,110,30,17112,Canada,46,2008-04-23,97,655
1348,Senator,4548,39,15145,Germany,48,2008-05-02,4216,1986
1349,Frequent Traveller,711,20,29393,Canada,18,2008-05-11,462,2889
1350,Frequent Traveller,945,36,10935,Spain,31,2008-05-20,675,3268
1351,Frequent Traveller,945,42,9099,Spain,27,2008-05-28,824,3466
1352,Base,405,3,9796,Germany,68,2008-06-06,276,4640
1353,Frequent Traveller,821,9,10694,Netherlands,73,2008-06-15,299,3229
1354,Base,77,32,34511,Germany,74,2008-06-24,57,3640
1355,Frequent Traveller,964,24,36296,Canada,27,2008-07-02,461,3080
1356,Base,383,29,35253,Germany,57,2008-07-11,48,3326
1357,Frequent Traveller,866,18,30166,France,68,2008-07-20,59,4989
1358,Base,36,31,35462,Spain,27,2008-07-29,26,633
1359,Base,266,37,22729,France,31,2008-08-07,67,3997
1360,Frequent Traveller,642,13,12685,Italy,52,2008-08-15,222,1727
1361,Frequent Traveller,849,41,4254,UK,45,2008-08-24,667,4570
1362,Base,344,4,21932,Italy,32,2008-09-02,259,3842
1363,Base,426,36,20702,UK,51,2008-09-11,358,298
1364,Base,142,28,1922,USA,57,2008-09-19,87,3038
1365,HON Circle Member,19038,15,26707,UK,66,2008-09-28,1604,3600
1366,Base,224,6,572,Italy,72,2008-10-07,109,3961
1367,Senator,3567,49,9022,Italy,41,2008-10-16,1311,4704
1368,Base,61,3,28286,Canada,40,2008-10-24,60,2940
1369,Senator,1263,19,37959,USA,29,2008-11-02,188,2922
1370,Base,6,18,5137,Switzerland,54,2008-11-11,5,2881
1371,Base,382,8,10958,USA,73,2008-11-20,362,769
1372,Base,43,30,4154,UK,69,2008-11-29,1,2398
1373,Base,196,4,20187,Netherlands,78,2008-12-07,63,1052
1374,Frequent Traveller,729,3,13917,USA,55,2008-12-16,714,3749
1375,Frequent Traveller,992,23,28201,Germany,35,2008-12-25,531,1989
1376,Base,225,18,13876,Germany,78,2009-01-03,163,3477
1377,Base,492,21,23280,France,48,2009-01-11,80,3394
1378,Senator,2095,38,22611,France,73,2009-01-20,1389,4776
1379,Frequent Traveller,635,21,9788,Germany,69,2009-01-29,359,1039
1380,Base,480,8,5787,Netherlands,39,2009-02-07,279,3229
1381,Base,156,42,33908,France,22,2009-02-16,79,3140
1382,Base,364,12,1393,USA,27,2009-02-24,323,155
1383,Frequent Traveller,986,13,15625,Switzerland,53,2009-03-05,90,2189
1384,Frequent Traveller,571,14,10059,UK,40,2009-03-14,54,2049
1385,Frequent Traveller,988,44,29735,Switzerland,69,2009-03-23,138,3086
1386,Base,8,11,16794,USA,77,2009-03-31,4,2483
1387,Base,495,16,2679,USA,56,2009-04-09,27,738
1388,Base,211,44,363,Switzerland,73,2009-04-18,108,3348
1389,Senator,4570,39,8585,Germany,56,2009-04-27,581,3887
1390,Frequent Traveller,995,14,35310,Germany,47,2009-05-05,866,342
1391,Frequent Traveller,643,8,9927,Spain,71,2009-05-14,315,4911
1392,Base,376,30,24874,Spain,71,2009-05-23,165,2766
1393,Frequent Traveller,711,27,33632,Canada,68,2009-06-01,594,2317
1394,Base,98,7,18084,Germany,79,2009-06-10,93,1037
1395,Base,480,32,39639,France,29,2009-06-18,61,1235
1396,Senator,2591,25,13283,USA,27,2009-06-27,1067,3857
1397,Senator,3154,4,10653,Germany,76,2009-07-06,93,2760
1398,Base,271,36,7269,Switzerland,22,2009-07-15,247,4337
1399,Base,480,20,32005,Netherlands,31,2009-07-23,111,3625
1400,Base,110,39,33802,Switzerland,27,2009-08-01,62,3427
1401,Base,253,8,15034,Switzerland,37,2009-08-10,57,3878
1402,Base,201,16,278,Switzerland,71,2009-08-19,60,230
1403,Base,315,49,13627,Canada,76,2009-08-28,164,1748
1404,Frequent Traveller,858,28,10106,France,25,2009-09-05,74,4995
1405,Base,373,12,7785,Spain,28,2009-09-14,279,4773
1406,Base,59,3,21912,Italy,21,2009-09-23,29,2391
1407,Base,138,11,18298,USA,67,2009-10-02,11,1131
1408,Senator,2967,9,32457,UK,77,2009-10-10,2141,2608
1409,Frequent Traveller,992,40,20015,Canada,68,2009-10-19,221,3573
1410,Senator,1279,15,8429,Germany,78,2009-10-28,147,1208
1411,Base,285,3,2930,Netherlands,33,2009-11-06,60,4143
1412,Base,412,25,6456,Italy,62,2009-11-15,191,3275
1413,HON Circle Member,12250,16,16100,UK,58,2009-11-23,11812,434
1414,Senator,4312,38,16423,Spain,58,2009-12-02,2859,469
1415,Frequent Traveller,971,6,2964,Italy,32,2009-12-11,713,637
1416,Base,295,36,18124,Netherlands,61,2009-12-20,248,572
1417,Senator,3714,34,14055,Germany,71,2009-12-28,1429,4307
1418,Base,189,21,4276,UK,78,2010-01-06,147,30
1419,Senator,4534,30,22457,Germany,30,2010-01-15,4509,2621
1420,Base,317,31,7615,Italy,76,2010-01-24,172,1434
1421,Base,71,36,3033,Canada,55,2010-02-01,19,1229
1422,Base,367,25,15127,Italy,51,2010-02-10,235,3345
1423,Base,63,30,39555,Spain,28,2010-02-19,62,539
1424,Base,84,23,27106,France,64,2010-02-28,84,4658
1425,Frequent Traveller,895,13,6302,Switzerland,73,2010-03-09,127,1511
1426,Frequent Traveller,857,25,14408,Germany,64,2010-03-17,43,143
1427,Base,431,18,4221,France,29,2010-03-26,31,1874
1428,Base,318,15,28211,Canada,49,2010-04-04,81,2669
1429,Senator,4724,2,3589,Italy,59,2010-04-13,3278,1579
1430,Frequent Traveller,500,47,19246,Spain,47,2010-04-21,432,4545
1431,Base,16,3,39900,Switzerland,22,2010-04-30,3,2127
1432,Frequent Traveller,703,47,4939,France,18,2010-05-09,8,2010
1433,Base,411,7,20930,Germany,71,2010-05-18,339,80
1434,Senator,3926,20,34897,Italy,20,2010-05-27,771,555
1435,Base,122,3,24530,Netherlands,61,2010-06-04,119,1409
1436,Base,228,10,5944,Switzerland,79,2010-06-13,219,1676
1437,Base,364,7,7935,Switzerland,50,2010-06-22,35,4187
1438,Frequent Traveller,592,43,7075,Italy,63,2010-07-01,77,4816
1439,Frequent Traveller,838,17,1173,Italy,58,2010-07-09,570,4255
1440,Senator,4697,30,11615,Germany,79,2010-07-18,3967,4445
1441,Frequent Traveller,704,15,20248,France,72,2010-07-27,151,4368
1442,Frequent Traveller,622,12,33077,Spain,64,2010-08-05,140,2132
1443,Base,112,35,34373,UK,53,2010-08-14,24,3410
1444,Frequent Traveller,723,45,12388,UK,47,2010-08-22,304,4598
1445,Base,72,43,9970,Canada,58,2010-08-31,0,4179
1446,Base,188,13,19136,Netherlands,79,2010-09-09,40,4461
1447,Base,413,45,9769,Germany,41,2010-09-18,101,838
1448,Base,397,49,819,UK,60,2010-09-26,164,2214
1449,Base,13,26,17322,USA,71,2010-10-05,1,1743
1450,Frequent Traveller,624,40,25898,USA,44,2010-10-14,65,4510
1451,Frequent Traveller,830,25,29920,Germany,50,2010-10-23,786,225
1452,Senator,4495,39,33580,France,64,2010-10-31,39,3204
1453,Base,158,1,13035,Italy,67,2010-11-09,56,1684
1454,Base,206,9,2749,Canada,51,2010-11-18,14,4310
1455,Frequent Traveller,542,45,35877,Canada,26,2010-11-27,42,2723
1456,Base,284,25,13865,USA,49,2010-12-06,124,4106
1457,Base,479,5,29033,Italy,32,2010-12-14,24,3245
1458,Frequent Traveller,753,1,420,Italy,47,2010-12-23,41,4156
1459,Base,499,42,14968,Spain,73,2011-01-01,149,1235
1460,Frequent Traveller,971,23,33375,France,25,2011-01-10,79,581
1461,Frequent Traveller,892,4,28222,France,19,2011-01-18,386,2953
1462,Base,202,40,22040,Canada,60,2011-01-27,119,1921
1463,Base,115,28,28941,UK,74,2011-02-05,7,1096
1464,Frequent Traveller,794,41,37466,Italy,70,2011-02-14,535,627
1465,Frequent Traveller,994,6,14996,Canada,38,2011-02-23,259,1478
1466,Base,195,13,29501,Canada,66,2011-03-03,192,4812
1467,Base,419,46,2767,Germany,56,2011-03-12,185,4887
1468,Frequent Traveller,518,26,12422,UK,73,2011-03-21,155,2778
1469,Base,375,8,35434,Switzerland,70,2011-03-30,174,3057
1470,Senator,4393,2,32878,Switzerland,68,2011-04-07,4214,1035
1471,Base,290,37,27122,USA,75,2011-04-16,280,1128
1472,Base,412,35,39387,USA,64,2011-04-25,13,1339
1473,Base,21,11,27168,Germany,54,2011-05-04,14,3505
1474,HON Circle Member,17621,36,12945,UK,53,2011-05-12,15734,3535
1475,Base,169,36,3391,Canada,75,2011-05-21,8,3907
1476,Senator,3065,36,6064,UK,23,2011-05-30,1592,3764
1477,Senator,1323,21,16187,France,69,2011-06-08,434,29
1478,Frequent Traveller,825,41,10467,Switzerland,20,2011-06-17,260,1037
1479,Senator,4346,5,20823,USA,72,2011-06-25,351,869
1480,Frequent Traveller,739,26,25524,Italy,73,2011-07-04,531,2868
1481,Frequent Traveller,799,3,7325,Spain,70,2011-07-13,385,4640
1482,Senator,2152,1,25011,Netherlands,30,2011-07-22,837,1970
1483,Base,359,21,37164,Italy,33,2011-07-30,329,2949
1484,Base,370,1,37215,France,75,2011-08-08,139,617
1485,Senator,1210,36,36333,Italy,59,2011-08-17,1106,1102
1486,Senator,4141,44,28650,Netherlands,56,2011-08-26,2668,2492
1487,Base,147,31,35933,Germany,50,2011-09-04,12,428
1488,Frequent Traveller,618,26,13940,Italy,63,2011-09-12,401,1852
1489,Frequent Traveller,507,20,30401,USA,18,2011-09-21,73,2531
1490,Senator,3348,11,33618,Switzerland,40,2011-09-30,809,4761
1491,Frequent Traveller,821,41,38515,France,60,2011-10-09,565,3968
1492,Base,63,31,1604,Germany,28,2011-10-17,29,900
1493,Base,436,5,587,France,38,2011-10-26,402,662
1494,Base,446,28,12501,Germany,41,2011-11-04,10,25
1495,Base,397,3,12662,UK,23,2011-11-13,245,4261
1496,Base,481,48,13134,Switzerland,40,2011-11-22,378,2782
1497,Base,360,35,29681,France,18,2011-11-30,269,1916
1498,Frequent Traveller,604,44,826,USA,22,2011-12-09,477,4900
1499,Base,469,40,28913,Spain,40,2011-12-18,461,4962
1500,Frequent Traveller,719,38,13044,UK,68,2011-12-27,365,3721
1501,Frequent Traveller,977,46,12357,Italy,31,2012-01-04,921,4275
1502,Senator,2938,2,1663,Canada,66,2012-01-13,1971,4
1503,Frequent Traveller,780,47,23152,Spain,43,2012-01-22,229,2395
1504,Base,115,49,12310,Italy,35,2012-01-31,37,3016
1505,Base,317,13,2394,France,30,2012-02-08,44,505
1506,Frequent Traveller,693,38,14348,Netherlands,31,2012-02-17,564,1239
1507,Senator,1502,42,31452,UK,78,2012-02-26,374,4580
1508,Frequent Traveller,945,20,8754,USA,76,2012-03-06,34,758
1509,Base,19,6,9920,Germany,55,2012-03-15,11,101
1510,Frequent Traveller,540,7,14217,Italy,25,2012-03-23,25,1237
1511,Senator,1303,12,29214,Germany,71,2012-04-01,1204,2173
1512,Base,383,13,19930,Switzerland,63,2012-04-10,146,3478
1513,Base,183,28,16410,Canada,53,2012-04-19,120,974
1514,Frequent Traveller,896,22,19542,Italy,38,2012-04-27,518,92
1515,Frequent Traveller,891,26,20760,Germany,59,2012-05-06,371,2120
1516,Frequent Traveller,626,24,17378,UK,64,2012-05-15,112,2498
1517,Base,76,6,22666,Canada,39,2012-05-24,31,2872
1518,Frequent Traveller,899,45,3756,Canada,38,2012-06-02,30,2632
1519,Frequent Traveller,623,27,8296,Netherlands,50,2012-06-10,140,3799
1520,Frequent Traveller,608,26,30909,France,19,2012-06-19,552,4504
1521,Base,495,12,17036,Canada,44,2012-06-28,305,3069
1522,Base,409,42,25952,UK,77,2012-07-07,386,3739
1523,HON Circle Member,8980,18,25176,France,32,2012-07-15,2860,2639
1524,Base,439,41,39461,Italy,57,2012-07-24,379,1276
1525,Base,259,46,1461,Spain,62,2012-08-02,17,3820
1526,Base,290,40,18640,UK,34,2012-08-11,101,2706
1527,Base,132,46,212,USA,57,2012-08-20,10,3149
1528,Base,136,39,16944,Switzerland,19,2012-08-28,61,2556
1529,Base,22,12,27396,Spain,65,2012-09-06,9,2535
1530,Base,327,4,888,Germany,49,2012-09-15,146,4408
1531,Senator,2762,10,32565,Spain,48,2012-09-24,2296,4482
1532,Senator,2952,31,3975,France,40,2012-10-02,2207,4814
1533,Frequent Traveller,553,27,33615,Canada,51,2012-10-11,523,4369
1534,Base,349,45,29168,Switzerland,18,2012-10-20,93,4357
1535,Base,179,18,20859,France,69,2012-10-29,170,4565
1536,Frequent Traveller,897,28,29837,Italy,47,2012-11-06,252,2813
1537,Base,235,32,38446,Netherlands,32,2012-11-15,82,4056
1538,Senator,3768,42,7452,USA,21,2012-11-24,2654,3689
1539,Base,201,17,5396,Netherlands,29,2012-12-03,102,3439
1540,Frequent Traveller,771,33,8802,Italy,42,2012-12-12,80,4669
1541,Base,180,36,10368,Canada,50,2012-12-20,141,2815
1542,Base,376,18,4626,France,59,2012-12-29,48,2670
1543,Base,173,15,12933,Germany,26,2013-01-07,172,1899
1544,Base,299,28,23723,Spain,58,2013-01-16,166,4240
1545,Frequent Traveller,585,39,10587,Germany,51,2013-01-24,8,1215
1546,Frequent Traveller,506,18,30049,Netherlands,50,2013-02-02,8,1500
1547,Base,272,45,27624,UK,49,2013-02-11,93,2036
1548,Frequent Traveller,679,35,9881,UK,48,2013-02-20,29,1287
1549,Base,193,5,10678,USA,26,2013-03-01,148,2807
1550,Frequent Traveller,765,9,27460,Germany,35,2013-03-09,626,2965
1551,Senator,4784,46,24821,Netherlands,60,2013-03-18,1492,4066
1552,Base,114,46,1775,Netherlands,19,2013-03-27,95,1926
1553,Base,451,24,8513,France,54,2013-04-05,340,4044
1554,Frequent Traveller,771,10,5378,Spain,74,2013-04-13,302,2375
1555,Base,442,20,35047,Spain,68,2013-04-22,178,4771
1556,Base,407,4,27372,UK,47,2013-05-01,357,3693
1557,Base,494,9,33823,USA,57,2013-05-10,280,4110
1558,Senator,2254,30,33851,Italy,60,2013-05-18,1674,2514
1559,Base,75,5,4847,Italy,35,2013-05-27,73,3208
1560,Base,58,43,23747,France,60,2013-06-05,11,391
1561,Base,378,6,13738,France,58,2013-06-14,301,1168
1562,Base,95,24,37626,Netherlands,71,2013-06-23,80,3314
1563,Frequent Traveller,823,11,12361,Spain,28,2013-07-01,534,4481
1564,Base,131,22,10645,France,65,2013-07-10,7,3673
1565,Frequent Traveller,782,2,7913,Germany,59,2013-07-19,28,4988
1566,Frequent Traveller,748,18,31447,Canada,22,2013-07-28,475,949
1567,Base,72,40,32992,USA,53,2013-08-05,65,4676
1568,Base,489,18,38991,Netherlands,36,2013-08-14,442,744
1569,Senator,3037,27,13564,Netherlands,49,2013-08-23,1225,2444
1570,Base,319,10,3773,Switzerland,24,2013-09-01,256,1409
1571,Base,50,29,12512,Spain,24,2013-09-10,33,2097
1572,Base,154,23,18798,Germany,37,2013-09-18,152,426
1573,Base,212,30,22274,Germany,40,2013-09-27,211,3704
1574,HON Circle Member,14812,15,13432,Switzerland,74,2013-10-06,1,676
1575,Frequent Traveller,583,37,33166,Netherlands,34,2013-10-15,251,912
1576,Frequent Traveller,677,5,36487,Spain,67,2013-10-23,509,1350
1577,Frequent Traveller,510,37,6315,Canada,45,2013-11-01,299,4629
1578,Frequent Traveller,662,7,9892,France,37,2013-11-10,189,850
1579,Base,245,36,26173,Netherlands,29,2013-11-19,197,246
1580,Senator,4519,39,34035,Spain,56,2013-11-28,4503,39
1581,Base,422,10,27633,Canada,38,2013-12-06,381,4042
1582,Base,260,14,14110,Italy,71,2013-12-15,127,3403
1583,Base,234,47,8535,Italy,79,2013-12-24,120,2969
1584,Base,335,27,15670,Spain,23,2014-01-02,52,3443
1585,Frequent Traveller,785,40,24914,UK,42,2014-01-10,282,1327
1586,Senator,4096,34,27358,Canada,37,2014-01-19,1697,4556
1587,Frequent Traveller,525,33,39472,UK,65,2014-01-28,381,152
1588,Base,227,16,34754,Italy,21,2014-02-06,186,1193
1589,Frequent Traveller,542,48,25018,Canada,20,2014-02-14,17,3545
1590,Frequent Traveller,671,24,36577,Spain,58,2014-02-23,385,2028
1591,Frequent Traveller,503,48,13972,Italy,36,2014-03-04,443,231
1592,HON Circle Member,19010,18,31701,France,76,2014-03-13,13139,4301
1593,Frequent Traveller,883,33,24938,Canada,60,2014-03-22,826,1718
1594,Senator,3352,46,6187,Spain,19,2014-03-30,2086,2313
1595,Frequent Traveller,898,40,31482,Switzerland,79,2014-04-08,568,431
1596,Senator,2184,42,22817,Switzerland,36,2014-04-17,1591,2051
1597,Base,318,16,18818,USA,65,2014-04-26,52,1446
1598,Senator,1539,8,13191,UK,64,2014-05-04,316,390
1599,Frequent Traveller,599,30,23527,Canada,63,2014-05-13,532,3921
1600,Frequent Traveller,700,46,13806,Spain,41,2014-05-22,634,2143
1601,Base,213,4,6439,Germany,67,2014-05-31,205,141
1602,Senator,4424,47,24783,Italy,58,2014-06-09,3829,28
1603,Base,347,49,19870,USA,49,2014-06-17,98,3470
1604,HON Circle Member,7523,36,21178,France,70,2014-06-26,87,3315
1605,Frequent Traveller,716,14,16997,UK,32,2014-07-05,560,464
1606,Frequent Traveller,536,10,527,France,61,2014-07-14,466,4868
1607,Base,433,12,35115,Germany,58,2014-07-22,139,2218
1608,Base,167,15,18396,Germany,48,2014-07-31,130,2592
1609,Base,92,33,1490,Germany,43,2014-08-09,31,2425
1610,Frequent Traveller,599,29,20774,Italy,19,2014-08-18,216,2032
1611,Senator,1289,37,21912,Italy,59,2014-08-27,1005,3614
1612,Frequent Traveller,729,3,18183,USA,36,2014-09-04,371,1762
1613,Base,298,3,28023,Netherlands,66,2014-09-13,173,2593
1614,Frequent Traveller,980,21,38052,Switzerland,68,2014-09-22,340,3827
1615,Frequent Traveller,921,44,21881,Switzerland,42,2014-10-01,682,4450
1616,Frequent Traveller,536,38,18373,USA,55,2014-10-09,74,736
1617,Base,455,13,9235,Italy,30,2014-10-18,326,3735
1618,Base,24,48,32651,Switzerland,55,2014-10-27,21,3499
1619,Base,459,35,18542,France,26,2014-11-05,196,2687
1620,Base,94,32,18454,France,58,2014-11-13,8,1945
1621,Base,382,32,12906,Italy,67,2014-11-22,341,4963
1622,Frequent Traveller,798,6,17325,Spain,26,2014-12-01,517,4662
1623,Frequent Traveller,645,47,24499,UK,32,2014-12-10,155,4555
1624,Base,10,28,15372,France,47,2014-12-19,2,2006
1625,Base,482,10,341,Netherlands,64,2014-12-27,302,2464
1626,Frequent Traveller,554,2,4453,Italy,46,2015-01-05,505,2366
1627,Base,215,30,6649,UK,38,2015-01-14,101,2368
1628,Frequent Traveller,869,26,27595,Germany,70,2015-01-23,431,4418
1629,Senator,4132,34,13998,Switzerland,40,2015-01-31,1366,3634
1630,Senator,3186,45,19848,Germany,38,2015-02-09,1005,4961
1631,Base,484,37,3569,USA,77,2015-02-18,126,466
1632,Base,198,8,14865,Netherlands,57,2015-02-27,55,46
1633,Frequent Traveller,682,12,19124,Italy,74,2015-03-08,97,1083
1634,Senator,1292,3,17852,Netherlands,48,2015-03-16,925,308
1635,Base,253,9,18276,Italy,79,2015-03-25,105,1779
1636,Base,483,45,15703,Germany,58,2015-04-03,411,2134
1637,Base,286,17,14374,Switzerland,66,2015-04-12,117,1157
1638,Base,107,38,22493,Italy,46,2015-04-20,81,4606
1639,Frequent Traveller,800,49,26525,France,71,2015-04-29,188,1169
1640,Frequent Traveller,866,23,860,Italy,25,2015-05-08,221,4095
1641,Base,96,38,28516,Spain,49,2015-05-17,6,106
1642,Base,377,11,39993,UK,33,2015-05-25,103,2253
1643,Base,476,21,39591,Spain,56,2015-06-03,205,83
1644,Frequent Traveller,610,14,6645,UK,28,2015-06-12,107,3187
1645,Frequent Traveller,879,41,13037,Switzerland,78,2015-06-21,70,3938
1646,Base,175,25,35344,Switzerland,35,2015-06-30,79,3679
1647,Senator,4681,24,15084,Germany,39,2015-07-08,1932,1764
1648,Frequent Traveller,509,3,20882,UK,49,2015-07-17,262,3491
1649,Base,149,47,2146,USA,47,2015-07-26,113,2472
1650,Frequent Traveller,696,25,22445,Italy,63,2015-08-04,205,2519
1651,HON Circle Member,10719,10,24159,Switzerland,44,2015-08-12,9158,2789
1652,Frequent Traveller,961,1,13394,Spain,70,2015-08-21,211,3860
1653,Frequent Traveller,612,6,17090,Canada,67,2015-08-30,258,1553
1654,Frequent Traveller,734,45,29380,Germany,56,2015-09-08,405,2187
1655,Frequent Traveller,923,14,22951,Netherlands,37,2015-09-17,20,4812
1656,Senator,2804,10,29233,Netherlands,69,2015-09-25,2751,1572
1657,Base,41,2,5049,UK,53,2015-10-04,16,1725
1658,Frequent Traveller,997,42,5725,France,72,2015-10-13,899,2385
1659,Senator,2505,16,19332,Canada,28,2015-10-22,813,4614
1660,Frequent Traveller,685,44,10181,Germany,21,2015-10-30,562,4864
1661,Base,126,34,29990,Spain,20,2015-11-08,26,2893
1662,Frequent Traveller,681,26,3849,Canada,26,2015-11-17,646,2038
1663,Base,145,44,9275,USA,44,2015-11-26,14,1458
1664,Base,46,27,2343,Spain,53,2015-12-05,5,1353
1665,Frequent Traveller,691,31,23237,Spain,61,2015-12-13,663,2599
1666,Base,421,14,7888,Switzerland,71,2015-12-22,108,4590
1667,Frequent Traveller,553,3,11330,France,66,2015-12-31,460,1859
1668,Senator,3837,26,29488,Italy,28,2016-01-09,1309,2744
1669,Frequent Traveller,689,1,18864,USA,37,2016-01-17,450,3183
1670,Frequent Traveller,703,31,10407,USA,24,2016-01-26,439,1517
1671,Frequent Traveller,582,49,6869,USA,28,2016-02-04,533,2451
1672,Base,379,8,21182,Switzerland,23,2016-02-13,308,4423
1673,Frequent Traveller,952,7,26084,Netherlands,50,2016-02-21,616,3363
1674,Frequent Traveller,771,46,7756,Canada,78,2016-03-01,271,568
1675,Base,151,40,25568,UK,55,2016-03-10,127,4841
1676,Senator,4262,26,34748,Switzerland,52,2016-03-19,2992,2766
1677,Frequent Traveller,574,45,21528,USA,30,2016-03-28,287,2933
1678,Base,17,9,10334,UK,43,2016-04-05,16,3135
1679,Frequent Traveller,787,32,19477,Switzerland,44,2016-04-14,403,4534
1680,Base,405,45,38857,Switzerland,60,2016-04-23,88,4413
1681,Frequent Traveller,546,41,38899,Italy,23,2016-05-02,331,3476
1682,Frequent Traveller,842,4,16139,USA,34,2016-05-10,801,1060
1683,Base,59,48,13277,Canada,21,2016-05-19,17,4301
1684,Frequent Traveller,633,1,18263,UK,20,2016-05-28,138,3475
1685,Base,292,5,26853,USA,38,2016-06-06,246,4096
1686,Frequent Traveller,776,1,22156,UK,38,2016-06-15,407,2468
1687,Frequent Traveller,787,19,11291,Italy,75,2016-06-23,78,3520
1688,Base,164,19,6996,Canada,73,2016-07-02,77,2138
1689,Base,12,45,29962,Spain,46,2016-07-11,5,1400
1690,Frequent Traveller,553,26,9292,USA,68,2016-07-20,419,2868
1691,Base,117,43,24882,Germany,70,2016-07-28,107,4564
1692,Frequent Traveller,509,1,5389,Italy,79,2016-08-06,256,904
1693,HON Circle Member,6851,13,34615,USA,66,2016-08-15,2683,2813
1694,Senator,3942,28,37706,France,49,2016-08-24,2455,2607
1695,Frequent Traveller,567,13,5789,Germany,42,2016-09-01,353,4225
1696,Senator,3578,31,18092,USA,54,2016-09-10,209,4142
1697,Base,369,2,29799,Italy,46,2016-09-19,310,758
1698,Frequent Traveller,821,3,12408,UK,48,2016-09-28,208,2498
1699,Base,254,23,8482,Canada,41,2016-10-07,227,2328
1700,Base,311,21,14771,Canada,49,2016-10-15,169,1898
1701,Base,3,9,27114,Spain,32,2016-10-24,1,3487
1702,Base,72,43,35415,Italy,23,2016-11-02,70,267
1703,Base,38,35,31581,USA,64,2016-11-11,23,479
1704,Base,13,12,10452,USA,27,2016-11-19,7,1034
1705,Base,498,12,15997,USA,57,2016-11-28,171,2544
1706,Frequent Traveller,684,32,12322,France,71,2016-12-07,538,843
1707,Base,307,28,36544,Italy,66,2016-12-16,156,3587
1708,Frequent Traveller,837,19,32495,Spain,22,2016-12-25,519,1080
1709,Base,489,31,3042,Spain,39,2017-01-02,54,1785
1710,Frequent Traveller,932,1,11358,Italy,59,2017-01-11,153,4451
1711,Senator,2442,33,12046,Germany,36,2017-01-20,125,2029
1712,Frequent Traveller,680,41,22325,Germany,19,2017-01-29,557,391
1713,Base,324,23,1285,Canada,71,2017-02-06,48,2797
1714,Base,255,19,25688,Switzerland,57,2017-02-15,191,2655
1715,Frequent Traveller,527,44,23403,Italy,62,2017-02-24,485,563
1716,Base,93,37,39550,Switzerland,48,2017-03-05,49,849
1717,Base,43,17,7121,Germany,27,2017-03-14,24,2567
1718,Base,338,18,2631,France,22,2017-03-22,6,3288
1719,Base,179,19,7551,Netherlands,70,2017-03-31,54,4508
1720,Base,57,23,38894,USA,78,2017-04-09,7,4398
1721,Base,54,25,39611,Italy,42,2017-04-18,6,2490
1722,Frequent Traveller,571,47,130,Italy,27,2017-04-26,534,354
1723,Base,379,13,30065,Netherlands,44,2017-05-05,140,3616
1724,Frequent Traveller,803,49,21620,Switzerland,42,2017-05-14,444,4123
1725,Base,209,16,7132,Italy,62,2017-05-23,60,2539
1726,Base,381,35,35376,Netherlands,49,2017-05-31,180,4354
1727,Frequent Traveller,783,48,34051,Italy,47,2017-06-09,77,12
1728,Frequent Traveller,792,31,37631,Canada,74,2017-06-18,415,3365
1729,Base,243,4,37399,Switzerland,20,2017-06-27,73,785
1730,Base,231,22,36232,USA,56,2017-07-06,122,561
1731,Senator,4100,42,24078,UK,66,2017-07-14,1470,1507
1732,Base,230,1,21007,UK,41,2017-07-23,96,957
1733,Senator,2432,43,18309,UK,34,2017-08-01,805,3600
1734,Senator,1788,18,15242,Canada,64,2017-08-10,1767,3370
1735,Frequent Traveller,856,15,5462,UK,73,2017-08-18,430,1414
1736,Frequent Traveller,625,28,1107,Italy,70,2017-08-27,260,2761
1737,Base,116,41,8070,USA,43,2017-09-05,5,3344
1738,Base,478,2,10952,Spain,23,2017-09-14,475,3013
1739,Base,184,18,14205,Italy,21,2017-09-23,104,4410
1740,Base,99,11,7999,France,66,2017-10-01,33,2732
1741,Base,73,34,30963,France,27,2017-10-10,17,2233
1742,Senator,3553,31,28869,Switzerland,75,2017-10-19,3301,2455
1743,Base,299,6,32102,Germany,59,2017-10-28,211,549
1744,Senator,2597,32,4474,Italy,24,2017-11-05,1257,4399
1745,Frequent Traveller,976,36,6420,France,71,2017-11-14,625,1948
1746,Frequent Traveller,639,23,32403,USA,70,2017-11-23,341,3925
1747,Frequent Traveller,971,4,14893,UK,31,2017-12-02,32,2033
1748,Senator,3196,32,21641,Canada,71,2017-12-11,1418,2326
1749,Frequent Traveller,698,29,22916,France,40,2017-12-19,93,1182
1750,Frequent Traveller,630,2,32963,Spain,37,2017-12-28,44,3411
1751,Senator,4748,30,28379,Spain,61,2018-01-06,2063,761
1752,Frequent Traveller,766,45,5705,Germany,59,2018-01-15,703,510
1753,Frequent Traveller,733,24,35430,Canada,68,2018-01-23,102,2568
1754,Base,208,13,36512,Netherlands,28,2018-02-01,69,2089
1755,Senator,4885,5,32311,France,27,2018-02-10,4657,1795
1756,Base,406,14,27668,Germany,20,2018-02-19,269,3388
1757,Base,412,49,2077,Germany,41,2018-02-27,161,4453
1758,Base,309,37,24533,USA,45,2018-03-08,104,4470
1759,Base,115,19,29667,UK,18,2018-03-17,81,1579
1760,Frequent Traveller,582,47,24558,Germany,35,2018-03-26,134,603
1761,Senator,1933,31,21033,Switzerland,69,2018-04-04,1575,1774
1762,Senator,2847,27,5738,Canada,78,2018-04-12,1684,3270
1763,Base,141,32,10180,USA,50,2018-04-21,64,2235
1764,Frequent Traveller,867,30,10396,Germany,68,2018-04-30,531,1640
1765,Base,18,31,21330,Italy,64,2018-05-09,4,3139
1766,Base,454,38,1794,Italy,29,2018-05-17,132,3869
1767,Frequent Traveller,933,29,9902,Canada,79,2018-05-26,213,3711
1768,Base,249,31,8754,Spain,41,2018-06-04,88,527
1769,Base,439,47,25054,Netherlands,38,2018-06-13,197,3907
1770,Frequent Traveller,979,36,26612,UK,23,2018-06-22,407,3373
1771,Senator,1878,1,14619,France,78,2018-06-30,270,4243
1772,Base,236,28,7143,France,52,2018-07-09,9,1741
1773,Senator,2644,47,29593,USA,32,2018-07-18,1648,1300
1774,Frequent Traveller,519,46,9524,Canada,20,2018-07-27,251,891
1775,Base,169,3,39863,France,21,2018-08-04,165,4912
1776,Frequent Traveller,504,43,20674,Italy,61,2018-08-13,332,4753
1777,Base,88,19,27989,Netherlands,56,2018-08-22,56,1460
1778,Frequent Traveller,689,43,36673,France,35,2018-08-31,353,1787
1779,Base,44,7,24813,Spain,38,2018-09-08,23,3168
1780,Frequent Traveller,973,14,21609,Canada,58,2018-09-17,164,1684
1781,Base,261,40,38220,Spain,21,2018-09-26,193,2536
1782,Base,320,6,24485,Switzerland,36,2018-10-05,83,3760
1783,Base,234,38,38021,Canada,62,2018-10-14,71,2893
1784,Senator,2203,39,8976,Italy,46,2018-10-22,606,3554
1785,Frequent Traveller,545,33,30363,UK,29,2018-10-31,396,3541
1786,Frequent Traveller,751,17,27472,UK,43,2018-11-09,372,4155
1787,Base,355,34,38501,Germany,21,2018-11-18,253,199
1788,Base,98,10,10802,UK,65,2018-11-26,59,3114
1789,Frequent Traveller,972,12,11979,UK,29,2018-12-05,848,4097
1790,Base,373,11,14755,France,18,2018-12-14,322,4117
1791,Frequent Traveller,802,30,11477,UK,74,2018-12-23,790,4932
1792,Base,125,41,1441,France,70,2019-01-01,12,2235
1793,Frequent Traveller,539,9,28564,UK,74,2019-01-09,53,2442
1794,Base,164,32,8705,UK,36,2019-01-18,59,3533
1795,Base,353,43,10649,Netherlands,32,2019-01-27,203,4055
1796,Base,468,24,7893,Netherlands,63,2019-02-05,165,834
1797,Base,381,1,18856,USA,66,2019-02-13,72,3951
1798,Base,492,30,25798,Canada,77,2019-02-22,367,995
1799,Frequent Traveller,972,12,2184,Netherlands,72,2019-03-03,317,72
1800,Base,439,35,5589,UK,22,2019-03-12,93,1853
1801,Base,238,43,36787,Italy,37,2019-03-21,15,4065
1802,Base,333,35,28705,Germany,43,2019-03-29,162,1806
1803,Base,179,24,8948,Italy,26,2019-04-07,127,2852
1804,Base,316,26,32551,Switzerland,46,2019-04-16,239,2272
1805,Frequent Traveller,594,34,28407,UK,39,2019-04-25,164,1506
1806,Senator,1645,8,24274,Germany,26,2019-05-03,37,3435
1807,Frequent Traveller,978,35,1640,USA,49,2019-05-12,348,2627
1808,Senator,2655,29,36189,UK,72,2019-05-21,1273,1497
1809,Base,147,4,20498,USA,33,2019-05-30,48,240
1810,Base,16,32,28175,UK,30,2019-06-07,2,1633
1811,Base,134,39,22471,Switzerland,77,2019-06-16,64,4987
1812,Frequent Traveller,948,11,20445,Switzerland,55,2019-06-25,682,3061
1813,Senator,2290,8,8651,Netherlands,38,2019-07-04,1377,1843
1814,Base,123,8,7943,USA,24,2019-07-13,37,2361
1815,Base,54,31,4196,Italy,42,2019-07-21,43,4916
1816,Base,333,18,36600,France,76,2019-07-30,325,653
1817,Base,188,31,21631,France,70,2019-08-08,126,2661
1818,Senator,3660,27,7981,Switzerland,72,2019-08-17,3342,4948
1819,Senator,4799,8,28714,France,36,2019-08-25,1807,2108
1820,Base,109,42,2824,Canada,54,2019-09-03,47,1480
1821,Senator,2388,9,15798,France,74,2019-09-12,2369,3412
1822,Frequent Traveller,817,2,3599,UK,26,2019-09-21,181,4168
1823,Base,428,2,26284,Canada,49,2019-09-30,305,227
1824,Base,167,37,29884,Canada,29,2019-10-08,124,1497
1825,Base,95,16,33104,Switzerland,50,2019-10-17,65,2149
1826,Frequent Traveller,915,28,23596,Switzerland,79,2019-10-26,135,4962
1827,Base,6,16,8574,USA,44,2019-11-04,0,459
1828,Base,404,41,16711,Canada,61,2019-11-12,120,561
1829,Base,294,25,9267,Spain,59,2019-11-21,25,3152
1830,Senator,4392,16,7238,Italy,29,2019-11-30,2689,2073
1831,Base,286,45,5072,Netherlands,46,2019-12-09,159,4214
1832,Frequent Traveller,816,37,37555,Italy,58,2019-12-18,307,1746
1833,Frequent Traveller,930,20,6696,France,27,2019-12-26,586,1458
1834,Frequent Traveller,995,32,21585,USA,56,2020-01-04,983,2945
1835,Base,171,2,17046,Germany,52,2020-01-13,48,3439
1836,Base,109,42,17562,Netherlands,72,2020-01-22,89,4731
1837,Frequent Traveller,670,20,14002,UK,71,2020-01-30,571,3599
1838,Base,486,31,10767,UK,63,2020-02-08,263,522
1839,Frequent Traveller,981,32,15461,Canada,68,2020-02-17,177,2948
1840,Frequent Traveller,780,17,20230,Spain,45,2020-02-26,203,914
1841,Frequent Traveller,654,33,23747,Italy,56,2020-03-05,367,834
1842,Base,223,9,18489,USA,68,2020-03-14,66,2969
1843,Base,120,18,7192,UK,37,2020-03-23,73,813
1844,Frequent Traveller,595,13,10777,France,36,2020-04-01,21,2947
1845,Base,259,23,30217,Germany,72,2020-04-10,54,2235
1846,Frequent Traveller,515,13,5977,Netherlands,35,2020-04-18,435,2982
1847,Base,249,16,866,USA,25,2020-04-27,3,1239
1848,Base,190,43,5852,USA,72,2020-05-06,159,3817
1849,Senator,4381,43,15597,Canada,69,2020-05-15,1837,4329
1850,Base,451,23,26529,Germany,29,2020-05-23,26,819
1851,Senator,1965,24,39368,Italy,67,2020-06-01,632,98
1852,Base,260,13,20062,Netherlands,79,2020-06-10,21,4092
1853,Base,367,13,6696,France,41,2020-06-19,104,3617
1854,Base,326,1,19114,France,38,2020-06-28,11,3665
1855,Base,489,3,5757,Switzerland,39,2020-07-06,272,1060
1856,Base,208,35,17441,UK,19,2020-07-15,163,4759
1857,Base,307,8,35479,Italy,22,2020-07-24,252,4399
1858,Frequent Traveller,651,5,2220,Italy,25,2020-08-02,546,1775
1859,Frequent Traveller,989,21,30651,UK,39,2020-08-10,904,3773
1860,Frequent Traveller,591,30,20536,Netherlands,29,2020-08-19,179,84
1861,Base,433,23,7842,France,63,2020-08-28,29,3017
1862,Base,21,2,27566,UK,18,2020-09-06,4,1220
1863,Frequent Traveller,808,41,3861,UK,55,2020-09-14,533,695
1864,Frequent Traveller,723,37,36865,Netherlands,41,2020-09-23,610,4982
1865,Base,226,4,10230,Germany,29,2020-10-02,160,3484
1866,Frequent Traveller,885,43,14513,Italy,41,2020-10-11,482,4182
1867,Base,341,18,33425,France,61,2020-10-20,161,1854
1868,Senator,4429,44,36522,France,46,2020-10-28,2906,6
1869,Base,253,16,4256,Germany,74,2020-11-06,232,3452
1870,Frequent Traveller,521,12,35782,USA,20,2020-11-15,281,4936
1871,Base,315,1,23291,UK,33,2020-11-24,254,4855
1872,Base,395,1,26788,USA,29,2020-12-02,169,4572
1873,Frequent Traveller,985,47,9639,Germany,45,2020-12-11,887,3874
1874,Senator,4525,7,9998,Canada,24,2020-12-20,2031,2746
1875,Base,386,35,20569,Italy,78,2020-12-29,148,2256
1876,Frequent Traveller,909,14,12496,Switzerland,38,2021-01-07,433,1976
1877,Frequent Traveller,673,15,27470,Netherlands,44,2021-01-15,22,853
1878,Senator,2768,26,28740,Spain,79,2021-01-24,576,2232
1879,Base,167,5,4769,Spain,70,2021-02-02,156,291
1880,Base,262,24,18995,UK,20,2021-02-11,52,3898
1881,Base,429,6,18721,Spain,51,2021-02-19,173,234
1882,Frequent Traveller,785,5,2917,Italy,48,2021-02-28,640,2826
1883,Frequent Traveller,801,38,33505,Canada,64,2021-03-09,507,2548
1884,Senator,4903,35,30576,Spain,75,2021-03-18,359,2485
1885,Senator,1257,13,13076,Netherlands,36,2021-03-27,506,2396
1886,Base,436,12,13771,Switzerland,68,2021-04-04,268,3239
1887,Frequent Traveller,839,23,21445,Spain,21,2021-04-13,92,4231
1888,Senator,2731,26,38167,Canada,51,2021-04-22,1644,438
1889,Frequent Traveller,821,35,815,France,29,2021-05-01,419,4595
1890,Base,337,8,23052,Spain,22,2021-05-09,307,1650
1891,Frequent Traveller,758,25,15009,Switzerland,60,2021-05-18,705,1854
1892,Base,450,31,7802,France,30,2021-05-27,296,1747
1893,Frequent Traveller,977,25,28500,Canada,43,2021-06-05,731,2254
1894,Base,35,11,7555,Netherlands,53,2021-06-13,19,2146
1895,Frequent Traveller,833,27,7768,Netherlands,34,2021-06-22,164,4240
1896,Base,446,23,10415,Italy,61,2021-07-01,338,1368
1897,Base,232,25,898,Spain,72,2021-07-10,217,1721
1898,Frequent Traveller,696,28,10157,Germany,66,2021-07-19,132,3938
1899,Base,47,2,38683,Germany,44,2021-07-27,41,3738
1900,Frequent Traveller,936,16,32931,Canada,69,2021-08-05,405,1536
1901,Frequent Traveller,785,16,14848,UK,52,2021-08-14,327,836
1902,Frequent Traveller,688,4,11043,Canada,46,2021-08-23,213,1783
1903,Base,120,25,4363,UK,52,2021-08-31,55,4801
1904,Frequent Traveller,861,15,15109,Italy,39,2021-09-09,510,3741
1905,Senator,4004,28,9443,Germany,43,2021-09-18,3481,304
1906,HON Circle Member,16374,46,23973,USA,29,2021-09-27,14319,2846
1907,Base,242,7,24681,Germany,76,2021-10-06,187,4003
1908,Senator,3378,22,32592,Spain,32,2021-10-14,2624,611
1909,Base,170,29,7601,Switzerland,24,2021-10-23,64,567
1910,Frequent Traveller,639,38,2205,Netherlands,57,2021-11-01,618,54
1911,Base,268,5,21720,France,31,2021-11-10,192,2515
1912,Senator,2611,16,21957,Italy,50,2021-11-18,1447,1025
1913,HON Circle Member,9556,39,21804,Spain,31,2021-11-27,8535,4778
1914,Frequent Traveller,597,28,25736,UK,25,2021-12-06,241,2201
1915,Base,228,43,30865,USA,70,2021-12-15,198,2961
1916,Frequent Traveller,877,41,2724,Netherlands,79,2021-12-24,370,899
1917,Senator,3978,38,2259,Spain,23,2022-01-01,3546,4095
1918,Base,437,6,22362,Germany,39,2022-01-10,249,1900
1919,Base,227,6,30202,Canada,76,2022-01-19,191,3356
1920,Base,329,20,5893,USA,20,2022-01-28,161,2781
1921,Base,439,21,10216,Germany,47,2022-02-05,49,1100
1922,Frequent Traveller,514,43,14447,Germany,77,2022-02-14,397,347
1923,Frequent Traveller,558,49,1059,Canada,53,2022-02-23,344,3477
1924,Senator,2853,40,25894,USA,32,2022-03-04,2319,4231
1925,Base,440,6,30534,Canada,56,2022-03-12,160,4710
1926,Base,412,26,26300,Italy,60,2022-03-21,233,1895
1927,Base,178,9,1615,USA,71,2022-03-30,151,2688
1928,Base,493,46,15970,Italy,20,2022-04-08,96,962
1929,Base,346,19,4085,Italy,53,2022-04-17,93,3312
1930,Senator,1809,28,19717,France,35,2022-04-25,1451,766
1931,Base,383,7,38246,Spain,65,2022-05-04,382,4576
1932,Frequent Traveller,914,7,30621,Spain,78,2022-05-13,778,1432
1933,Base,378,47,23746,Netherlands,25,2022-05-22,148,60
1934,Frequent Traveller,889,48,16624,Netherlands,69,2022-05-30,559,3817
1935,Base,413,21,16922,Netherlands,37,2022-06-08,91,22
1936,Frequent Traveller,798,14,4861,UK,73,2022-06-17,426,2396
1937,Base,250,17,38708,France,37,2022-06-26,1,924
1938,Base,163,30,36743,Switzerland,67,2022-07-05,111,3177
1939,Base,296,2,20602,Netherlands,34,2022-07-13,289,239
1940,Senator,2062,46,14106,Spain,73,2022-07-22,1736,2104
1941,Frequent Traveller,661,3,33284,Canada,53,2022-07-31,402,3019
1942,Base,23,32,11709,Spain,60,2022-08-09,16,3925
1943,Frequent Traveller,953,15,38338,France,79,2022-08-17,126,1611
1944,Senator,1985,13,33755,Canada,54,2022-08-26,1325,2866
1945,Base,41,3,4132,Netherlands,57,2022-09-04,18,2647
1946,Base,86,48,10224,USA,29,2022-09-13,66,478
1947,Base,125,37,5172,Switzerland,43,2022-09-21,119,2857
1948,Senator,4493,40,5058,Spain,75,2022-09-30,4177,1894
1949,Senator,2205,31,37659,Switzerland,41,2022-10-09,1243,678
1950,Frequent Traveller,852,16,24857,UK,58,2022-10-18,534,3206
1951,Frequent Traveller,864,14,39224,USA,50,2022-10-27,89,1215
1952,Base,339,33,15497,Italy,31,2022-11-04,252,4021
1953,Frequent Traveller,522,38,27550,Switzerland,59,2022-11-13,327,4324
1954,Base,315,10,22927,Spain,60,2022-11-22,243,4696
1955,Senator,2696,21,24948,Germany,39,2022-12-01,1690,4967
1956,Frequent Traveller,871,14,9863,Germany,44,2022-12-09,32,4142
1957,Frequent Traveller,584,26,36540,UK,21,2022-12-18,522,2554
1958,Base,236,11,37554,UK,60,2022-12-27,34,1165
1959,Base,78,34,39892,Canada,24,2023-01-05,70,8
1960,Base,195,29,23972,Italy,36,2023-01-14,14,3771
1961,Frequent Traveller,977,21,38411,Netherlands,76,2023-01-22,783,4676
1962,Frequent Traveller,762,46,18186,Switzerland,73,2023-01-31,69,2078
1963,Frequent Traveller,915,47,2421,Netherlands,52,2023-02-09,45,4500
1964,Base,164,17,32675,Canada,66,2023-02-18,50,1301
1965,Base,427,19,18099,UK,51,2023-02-26,133,4576
1966,Frequent Traveller,983,37,30516,Spain,34,2023-03-07,794,164
1967,Base,10,47,19265,Netherlands,63,2023-03-16,5,1691
1968,Senator,3613,8,28945,Netherlands,18,2023-03-25,1447,3033
1969,Frequent Traveller,661,2,24504,Germany,25,2023-04-03,402,4828
1970,Base,42,28,10722,Germany,51,2023-04-11,12,4736
1971,Base,49,15,30366,France,40,2023-04-20,23,4857
1972,Frequent Traveller,641,7,8068,USA,53,2023-04-29,299,2538
1973,Base,168,27,3519,Switzerland,64,2023-05-08,110,73
1974,Senator,1802,30,14268,Spain,45,2023-05-16,87,2829
1975,Base,405,7,37672,UK,21,2023-05-25,403,4487
1976,Base,224,26,5660,Switzerland,41,2023-06-03,199,4403
1977,Frequent Traveller,589,40,29340,Netherlands,51,2023-06-12,439,1739
1978,Senator,3740,20,19560,Germany,22,2023-06-20,1538,576
1979,Base,421,6,6004,UK,19,2023-06-29,228,3230
1980,Senator,3320,10,39031,USA,18,2023-07-08,3172,3999
1981,Senator,1960,41,3879,France,44,2023-07-17,398,685
1982,Senator,4585,44,33479,Netherlands,24,2023-07-26,2014,4142
1983,Base,23,20,24896,USA,24,2023-08-03,11,1810
1984,Frequent Traveller,586,20,12644,UK,29,2023-08-12,538,4288
1985,Base,314,12,11409,France,39,2023-08-21,145,648
1986,Frequent Traveller,697,13,31143,Netherlands,68,2023-08-30,42,4869
1987,Frequent Traveller,524,25,1900,Canada,25,2023-09-07,20,3702
1988,Senator,1720,34,25070,USA,68,2023-09-16,165,1545
1989,Base,249,16,8514,Spain,67,2023-09-25,214,1752
1990,Base,31,14,39902,Switzerland,64,2023-10-04,3,1374
1991,Base,496,25,23190,Canada,57,2023-10-13,81,2143
1992,Base,451,29,24182,France,35,2023-10-21,425,5
1993,Base,220,37,3271,Switzerland,55,2023-10-30,97,3401
1994,Base,205,48,2621,Spain,30,2023-11-08,194,4808
1995,Base,93,29,20723,Canada,28,2023-11-17,44,2342
1996,Base,391,49,22689,USA,53,2023-11-25,385,4357
1997,Base,282,34,37719,Spain,46,2023-12-04,152,4296
1998,Base,452,31,19660,Switzerland,34,2023-12-13,26,2287
1999,Base,31,35,23743,UK,26,2023-12-22,30,3688
2000,Base,455,43,14510,Germany,69,2023-12-31,97,1096
